{"options":{"check_for_updates":true,"comment":null,"compatopts_for_requires":true,"compat_wrappedjsobject":false,"compat_metadata":false,"compat_foreach":false,"compat_powerful_this":null,"sandbox":null,"noframes":null,"unwrap":null,"run_at":null,"tab_types":null,"override":{"use_includes":[],"orig_includes":["http://www.bilibili.com/video/BV*","https://www.bilibili.com/video/BV*","https://www.bilibili.com/video/av*","http://bangumi.bilibili.com/anime/v/*","https://bangumi.bilibili.com/anime/v/*","https://www.bilibili.com/bangumi/play/*","https://www.bilibili.com/medialist/*","https://tv.cctv.com/live/*"],"merge_includes":true,"use_matches":[],"orig_matches":[],"merge_matches":true,"use_excludes":[],"orig_excludes":[],"merge_excludes":true,"use_connects":[],"orig_connects":[],"merge_connects":true,"use_blockers":[],"orig_run_at":"document-start","orig_noframes":null}},"settings":{"enabled":true,"position":12},"meta":{"name":"bilibili 自动网页全屏","uuid":"53d37e51-eb00-4566-bb56-38c3bd69e87c","modified":1683257633821,"file_url":"https://greasyfork.org/scripts/28770-bilibili-%E8%87%AA%E5%8A%A8%E7%BD%91%E9%A1%B5%E5%85%A8%E5%B1%8F/code/bilibili%20%E8%87%AA%E5%8A%A8%E7%BD%91%E9%A1%B5%E5%85%A8%E5%B1%8F.user.js"}}