{"options":{"check_for_updates":true,"comment":null,"compatopts_for_requires":true,"compat_wrappedjsobject":false,"compat_metadata":false,"compat_foreach":false,"compat_powerful_this":null,"sandbox":null,"noframes":null,"unwrap":null,"run_at":null,"tab_types":null,"override":{"use_includes":[],"orig_includes":[],"merge_includes":true,"use_matches":[],"orig_matches":["*://*/*"],"merge_matches":true,"use_excludes":["/^[^:/#?]*:\\/\\/([^#?/]*\\.)?g\\.alicdn\\.com(:[0-9]{1,5})?\\/.*$/","/^[^:/#?]*:\\/\\/([^#?/]*\\.)?www\\.aliyundrive\\.com(:[0-9]{1,5})?\\/.*$/","/^[^:/#?]*:\\/\\/([^#?/]*\\.)?auth\\.aliyundrive\\.com(:[0-9]{1,5})?\\/.*$/","/^[^:/#?]*:\\/\\/([^#?/]*\\.)?passport\\.aliyundrive\\.com(:[0-9]{1,5})?\\/.*$/"],"orig_excludes":[],"merge_excludes":true,"use_connects":[],"orig_connects":["global.bing.com","suggestqueries.google.com","api.bing.com","suggestion.baidu.com","*"],"merge_connects":true,"use_blockers":[],"orig_run_at":"document-start","orig_noframes":null}},"settings":{"enabled":true,"position":11},"meta":{"name":"SearchJumper","uuid":"b233a243-e175-4a98-a019-857d790e442a","modified":1685018540913,"file_url":"https://greasyfork.org/scripts/445274-searchjumper/code/SearchJumper.user.js"}}