{"options":{"check_for_updates":true,"comment":null,"compatopts_for_requires":true,"compat_wrappedjsobject":false,"compat_metadata":false,"compat_foreach":false,"compat_powerful_this":null,"sandbox":null,"noframes":null,"unwrap":null,"run_at":null,"tab_types":null,"override":{"use_includes":[],"orig_includes":[],"merge_includes":true,"use_matches":[],"orig_matches":["*://tieba.baidu.com/*","*://jump.bdimg.com/*","*://jump2.bdimg.com/*"],"merge_matches":true,"use_excludes":[],"orig_excludes":[],"merge_excludes":true,"use_connects":[],"orig_connects":[],"merge_connects":true,"use_blockers":[],"orig_run_at":"document-start","orig_noframes":null}},"settings":{"enabled":true,"position":14},"meta":{"name":"Tieba Remix","uuid":"99ba7bd4-5393-4d50-b605-5d3c90b61b22","modified":1685018532627,"file_url":"https://gitee.com/WiresawBlade/Tieba-Remix/raw/beta/build/tieba-remix.user.js"}}