{"options":{"check_for_updates":true,"comment":null,"compatopts_for_requires":true,"compat_wrappedjsobject":false,"compat_metadata":false,"compat_foreach":false,"compat_powerful_this":null,"sandbox":null,"noframes":null,"unwrap":null,"run_at":null,"tab_types":null,"override":{"use_includes":[],"orig_includes":[],"merge_includes":true,"use_matches":[],"orig_matches":["https://*.v2ex.com/t/*"],"merge_matches":true,"use_excludes":[],"orig_excludes":[],"merge_excludes":true,"use_connects":[],"orig_connects":[],"merge_connects":true,"use_blockers":[],"orig_run_at":"document-end","orig_noframes":null}},"settings":{"enabled":true,"position":17},"meta":{"name":"v2ex楼中楼","uuid":"7e25512f-a13e-40da-a94a-652add8f1185","modified":1685018540227,"file_url":"https://greasyfork.org/scripts/466852-v2ex%E6%A5%BC%E4%B8%AD%E6%A5%BC/code/v2ex%E6%A5%BC%E4%B8%AD%E6%A5%BC.user.js"}}