{"options":{"check_for_updates":true,"comment":null,"compatopts_for_requires":true,"compat_wrappedjsobject":false,"compat_metadata":false,"compat_foreach":false,"compat_powerful_this":null,"sandbox":null,"noframes":null,"unwrap":null,"run_at":null,"tab_types":null,"override":{"use_includes":[],"orig_includes":["https://www.douyin.com/recommend","https://www.douyin.com/*","https://www.douyin.com/?*","https://www.douyin.com/follow","https://live.douyin.com/*"],"merge_includes":true,"use_matches":[],"orig_matches":["https://www.douyin.com/*"],"merge_matches":true,"use_excludes":[],"orig_excludes":[],"merge_excludes":true,"use_connects":[],"orig_connects":[],"merge_connects":true,"use_blockers":[],"orig_run_at":"document-end","orig_noframes":true}},"settings":{"enabled":false,"position":16},"meta":{"name":"抖音网页版优化","uuid":"6e2f304d-ae11-419c-84fa-6cff5d9ca30e","modified":1683347371286,"file_url":"https://greasyfork.org/scripts/434956-%E6%8A%96%E9%9F%B3%E7%BD%91%E9%A1%B5%E7%89%88%E4%BC%98%E5%8C%96/code/%E6%8A%96%E9%9F%B3%E7%BD%91%E9%A1%B5%E7%89%88%E4%BC%98%E5%8C%96.user.js"}}